"title","year","keyword"
"learning to predict the future using web knowledge and dynamics",2012,"artificial-intelligence prediction capacity"
"learning to predict the future using web knowledge and dynamics",2012,"web"
"learning to predict the future using web knowledge and dynamics",2012,"knowledge-intensive reasoning"
"learning to predict the future using web knowledge and dynamics",2012,"future"
"learning to predict the future using web knowledge and dynamics",2012,"event prediction"
"learning to predict the future using web knowledge and dynamics",2012,"feature extraction"
"learning to predict the future using web knowledge and dynamics",2012,"novel algorithms"
"ranking from pairs and triplets: information quality, evaluation methods and query complexity",2011,"ai"
"ranking from pairs and triplets: information quality, evaluation methods and query complexity",2011,"ai"
"ranking from pairs and triplets: information quality, evaluation methods and query complexity",2011,"ai"
"ranking from pairs and triplets: information quality, evaluation methods and query complexity",2011,"raters"
"ranking from pairs and triplets: information quality, evaluation methods and query complexity",2011,"statistical learning"
"ranking from pairs and triplets: information quality, evaluation methods and query complexity",2011,"ai"
"ranking from pairs and triplets: information quality, evaluation methods and query complexity",2011,"ai"
"ranking from pairs and triplets: information quality, evaluation methods and query complexity",2011,"rank"
"ranking from pairs and triplets: information quality, evaluation methods and query complexity",2011,"rank"
"ranking from pairs and triplets: information quality, evaluation methods and query complexity",2011,"ai"
"ranking from pairs and triplets: information quality, evaluation methods and query complexity",2011,"learning"
"ranking from pairs and triplets: information quality, evaluation methods and query complexity",2011,"algorithm"
"ranking from pairs and triplets: information quality, evaluation methods and query complexity",2011,"ai"
"ranking from pairs and triplets: information quality, evaluation methods and query complexity",2011,"conjecture"
"structuring the unstructured: from startup to making sense of ebay's huge ecommerce inventory",2017,"electronic commerce"
"structuring the unstructured: from startup to making sense of ebay's huge ecommerce inventory",2017,"ai"
"structuring the unstructured: from startup to making sense of ebay's huge ecommerce inventory",2017,"ebay"
"structuring the unstructured: from startup to making sense of ebay's huge ecommerce inventory",2017,"marketplaces"
"structuring the unstructured: from startup to making sense of ebay's huge ecommerce inventory",2017,"inventory"
"structuring the unstructured: from startup to making sense of ebay's huge ecommerce inventory",2017,"ai"
"structuring the unstructured: from startup to making sense of ebay's huge ecommerce inventory",2017,"inventory"
"structuring the unstructured: from startup to making sense of ebay's huge ecommerce inventory",2017,"product"
"structuring the unstructured: from startup to making sense of ebay's huge ecommerce inventory",2017,"identifiers"
"structuring the unstructured: from startup to making sense of ebay's huge ecommerce inventory",2017,"brand"
"structuring the unstructured: from startup to making sense of ebay's huge ecommerce inventory",2017,"inventory"
"structuring the unstructured: from startup to making sense of ebay's huge ecommerce inventory",2017,"data"
"structuring the unstructured: from startup to making sense of ebay's huge ecommerce inventory",2017,"ai"
"structuring the unstructured: from startup to making sense of ebay's huge ecommerce inventory",2017,"business insights"
"structuring the unstructured: from startup to making sense of ebay's huge ecommerce inventory",2017,"ebay"
"structuring the unstructured: from startup to making sense of ebay's huge ecommerce inventory",2017,"salespredict"
"structuring the unstructured: from startup to making sense of ebay's huge ecommerce inventory",2017,"unstructured data"
"structuring the unstructured: from startup to making sense of ebay's huge ecommerce inventory",2017,"research"
"structuring the unstructured: from startup to making sense of ebay's huge ecommerce inventory",2017,"ebay"
"structuring the unstructured: from startup to making sense of ebay's huge ecommerce inventory",2017,"data"
"structuring the unstructured: from startup to making sense of ebay's huge ecommerce inventory",2017,"research"
"structuring the unstructured: from startup to making sense of ebay's huge ecommerce inventory",2017,"engineering"
"structuring the unstructured: from startup to making sense of ebay's huge ecommerce inventory",2017,"ebay"
"structuring the unstructured: from startup to making sense of ebay's huge ecommerce inventory",2017,"data"
"structuring the unstructured: from startup to making sense of ebay's huge ecommerce inventory",2017,"product"
"structuring the unstructured: from startup to making sense of ebay's huge ecommerce inventory",2017,"product"
"structuring the unstructured: from startup to making sense of ebay's huge ecommerce inventory",2017,"rank"
"structuring the unstructured: from startup to making sense of ebay's huge ecommerce inventory",2017,"product"
"structuring the unstructured: from startup to making sense of ebay's huge ecommerce inventory",2017,"queries"
"structuring the unstructured: from startup to making sense of ebay's huge ecommerce inventory",2017,"ebay"
"structuring the unstructured: from startup to making sense of ebay's huge ecommerce inventory",2017,"data"
"structuring the unstructured: from startup to making sense of ebay's huge ecommerce inventory",2017,"product"
"structuring the unstructured: from startup to making sense of ebay's huge ecommerce inventory",2017,"machine learning"
"structuring the unstructured: from startup to making sense of ebay's huge ecommerce inventory",2017,"information retrieval"
"structuring the unstructured: from startup to making sense of ebay's huge ecommerce inventory",2017,"natural language processing"
"accelerating prototype-based drug discovery using conditional diversity networks",2018,"drug"
"accelerating prototype-based drug discovery using conditional diversity networks",2018," molecules"
"accelerating prototype-based drug discovery using conditional diversity networks",2018,"drug"
"accelerating prototype-based drug discovery using conditional diversity networks",2018,"algorithmic"
"accelerating prototype-based drug discovery using conditional diversity networks",2018,"unsupervised-approach"
"accelerating prototype-based drug discovery using conditional diversity networks",2018,"potential drug"
"accelerating prototype-based drug discovery using conditional diversity networks",2018," molecules"
"accelerating prototype-based drug discovery using conditional diversity networks",2018,"prototype drug"
"accelerating prototype-based drug discovery using conditional diversity networks",2018," molecules"
"accelerating prototype-based drug discovery using conditional diversity networks",2018," molecules"
"accelerating prototype-based drug discovery using conditional diversity networks",2018,"prototype drug"
"accelerating prototype-based drug discovery using conditional diversity networks",2018,"drug"
"accelerating prototype-based drug discovery using conditional diversity networks",2018,"ai"
"accelerating prototype-based drug discovery using conditional diversity networks",2018,"drug"
"accelerating prototype-based drug discovery using conditional diversity networks",2018," molecules"
"time-sensitive query auto-completion",2012,"query auto-completion"
"time-sensitive query auto-completion",2012,"rank"
"time-sensitive query auto-completion",2012,"time-series"
"time-sensitive query auto-completion",2012,"rank"
"time-sensitive query auto-completion",2012,"forecast"
"time-sensitive query auto-completion",2012,"queries"
"time-sensitive query auto-completion",2012,"ai"
"time-sensitive query auto-completion",2012,"predict"
"time-sensitive query auto-completion",2012,"queries"
"time-sensitive query auto-completion",2012,"forecast"
"time-sensitive query auto-completion",2012,"ai"
"time-sensitive query auto-completion",2012,"time-series"
"time-sensitive query auto-completion",2012,"modeling"
"time-sensitive query auto-completion",2012,"modeling"
"time-sensitive query auto-completion",2012,"queries"
"time-sensitive query auto-completion",2012,"rank"
"predicting the news of tomorrow using patterns in web search queries",2008,"learning"
"predicting the news of tomorrow using patterns in web search queries",2008,"forecast"
"predicting the news of tomorrow using patterns in web search queries",2008,"ai"
"predicting the news of tomorrow using patterns in web search queries",2008,"news "
"predicting the news of tomorrow using patterns in web search queries",2008,"iot"
"predicting the news of tomorrow using patterns in web search queries",2008,"ai"
"predicting the news of tomorrow using patterns in web search queries",2008,"automated extraction"
"predicting the news of tomorrow using patterns in web search queries",2008,"news "
"predicting the news of tomorrow using patterns in web search queries",2008,"web"
"predicting the news of tomorrow using patterns in web search queries",2008,"predict"
"mining the web to predict future events",2013,"news "
"mining the web to predict future events",2013,"future"
"mining the web to predict future events",2013,"modeling"
"mining the web to predict future events",2013,"predict"
"mining the web to predict future events",2013,"future"
"mining the web to predict future events",2013,"news "
"mining the web to predict future events",2013,"machine learning"
"mining the web to predict future events",2013,"data"
"mining the web to predict future events",2013,"mining"
"mining the web to predict future events",2013,"algorithm"
"mining the web to predict future events",2013,"ai"
"mining the web to predict future events",2013,"predict"
"mining the web to predict future events",2013,"ai"
"mining the web to predict future events",2013,"mine"
"mining the web to predict future events",2013,"news "
"mining the web to predict future events",2013,"modeling"
"mining the web to predict future events",2013,"ai"
"mining the web to predict future events",2013,"ai"
"mining the web to predict future events",2013,"patterns"
"mining the web to predict future events",2013,"mine"
"mining the web to predict future events",2013,"data"
"mining the web to predict future events",2013,"ai"
"mining the web to predict future events",2013,"data"
"mining the web to predict future events",2013,"evaluation"
"mining the web to predict future events",2013,"news "
"mining the web to predict future events",2013,"algorithm"
"learning causality for news events prediction",2012,"web"
"learning causality for news events prediction",2012,"web"
"learning causality for news events prediction",2012,"business"
"learning causality for news events prediction",2012,"analysis"
"learning causality for news events prediction",2012,"data"
"learning causality for news events prediction",2012,"data"
"learning causality for news events prediction",2012,"data"
"learning causality for news events prediction",2012,"ethics"
"learning causality for news events prediction",2012,"governance"
"learning causality for news events prediction",2012,"data"
"learning causality for news events prediction",2012,"big data"
"learning causality for news events prediction",2012,"business"
"learning causality for news events prediction",2012,"web"
"learning causality for news events prediction",2012,"web"
"learning causality for news events prediction",2012,"web"
"learning causality for news events prediction",2012,"machine learning"
"learning causality for news events prediction",2012,"medicine"
"the big web track chairs' welcome & organization",2018,"predict"
"the big web track chairs' welcome & organization",2018,"web"
"the big web track chairs' welcome & organization",2018,"page content"
"the big web track chairs' welcome & organization",2018,"retrieval"
"the big web track chairs' welcome & organization",2018,"web"
"the big web track chairs' welcome & organization",2018,"predict"
"the big web track chairs' welcome & organization",2018,"algorithm"
"the big web track chairs' welcome & organization",2018,"crawling"
"the big web track chairs' welcome & organization",2018,"modeling"
"the big web track chairs' welcome & organization",2018,"predict"
"the big web track chairs' welcome & organization",2018,"predict"
"the big web track chairs' welcome & organization",2018,"predict"
"the big web track chairs' welcome & organization",2018,"learning"
"the big web track chairs' welcome & organization",2018,"empirical analysis"
"the big web track chairs' welcome & organization",2018,"page content"
"the big web track chairs' welcome & organization",2018,"predict"
"the big web track chairs' welcome & organization",2018,"metrics"
"the big web track chairs' welcome & organization",2018,"metrics"
"the big web track chairs' welcome & organization",2018,"predict"
"predicting content change on the web",2013,"patterns"
"predicting content change on the web",2013,"patterns"
"predicting content change on the web",2013,"analysis"
"predicting content change on the web",2013,"analysis"
"predicting content change on the web",2013,"evaluation"
"a word at a time: computing word relatedness using temporal semantic analysis",2011,"modeling"
"a word at a time: computing word relatedness using temporal semantic analysis",2011,"web"
"a word at a time: computing word relatedness using temporal semantic analysis",2011,"web"
"a word at a time: computing word relatedness using temporal semantic analysis",2011,"research"
"a word at a time: computing word relatedness using temporal semantic analysis",2011,"searching"
"a word at a time: computing word relatedness using temporal semantic analysis",2011,"dynamic collections"
"a word at a time: computing word relatedness using temporal semantic analysis",2011,"ai"
"a word at a time: computing word relatedness using temporal semantic analysis",2011,"algorithms"
"a word at a time: computing word relatedness using temporal semantic analysis",2011,"evaluation"
"a word at a time: computing word relatedness using temporal semantic analysis",2011,"metrics"
"a word at a time: computing word relatedness using temporal semantic analysis",2011,"algorithmic"
"a word at a time: computing word relatedness using temporal semantic analysis",2011,"architectural perspective"
"temporal web dynamics and its application to information retrieval",2013,"web"
"temporal web dynamics and its application to information retrieval",2013,"queries"
"temporal web dynamics and its application to information retrieval",2013,"search engines"
"temporal web dynamics and its application to information retrieval",2013,"queries"
"temporal web dynamics and its application to information retrieval",2013,"mine"
"temporal web dynamics and its application to information retrieval",2013,"predict"
"temporal web dynamics and its application to information retrieval",2013,"modeling"
"temporal web dynamics and its application to information retrieval",2013,"predict"
"temporal web dynamics and its application to information retrieval",2013,"time-varying"
"temporal web dynamics and its application to information retrieval",2013,"web"
"temporal web dynamics and its application to information retrieval",2013,"learning"
"temporal web dynamics and its application to information retrieval",2013,"predict"
"temporal web dynamics and its application to information retrieval",2013,"predict"
"temporal web dynamics and its application to information retrieval",2013,"queries"
"temporal web dynamics and its application to information retrieval",2013,"learning"
"temporal web dynamics and its application to information retrieval",2013,"algorithm"
"temporal web dynamics and its application to information retrieval",2013,"predict"
"temporal web dynamics and its application to information retrieval",2013,"modeling"
"temporal web dynamics and its application to information retrieval",2013,"crawling"
"temporal web dynamics and its application to information retrieval",2013,"rank"
"modeling and predicting behavioral dynamics on the web",2012,"queries"
"modeling and predicting behavioral dynamics on the web",2012,"modeling"
"modeling and predicting behavioral dynamics on the web",2012,"predict"
"modeling and predicting behavioral dynamics on the web",2012,"patterns"
"modeling and predicting behavioral dynamics on the web",2012,"web"
"modeling and predicting behavioral dynamics on the web",2012,"modeling"
"modeling and predicting behavioral dynamics on the web",2012,"predict"
"modeling and predicting behavioral dynamics on the web",2012,"patterns"
"modeling and predicting behavioral dynamics on the web",2012,"data"
"modeling and predicting behavioral dynamics on the web",2012,"learning"
"modeling and predicting behavioral dynamics on the web",2012,"web"
"modeling and predicting behavioral dynamics on the web",2012,"predict"
"modeling and predicting behavioral dynamics on the web",2012,"predict"
"modeling and predicting behavioral dynamics on the web",2012,"queries"
"modeling and predicting behavioral dynamics on the web",2012,"predict"
"modeling and predicting behavioral dynamics on the web",2012,"queries"
"modeling and predicting behavioral dynamics on the web",2012,"modeling"
"modeling and predicting behavioral dynamics on the web",2012,"web"
"modeling and predicting behavioral dynamics on the web",2012,"information retrieval"
"behavioral dynamics on the web: learning, modeling, and prediction",2013,"taia"
"behavioral dynamics on the web: learning, modeling, and prediction",2013,"research"
